#area1.txt - Bridge Street, All Saints Passage, Sidney Street, Green Street
#         Trinity Street block
1995-1997 ALL SAINTS PASSAGE 3      VAC
1981-1986 ALL SAINTS PASSAGE 4      CAMBRIGE TOY SHOP TOYS
1987      ALL SAINTS PASSAGE*4      TO BE L/WR
1988-1991 ALL SAINTS PASSAGE 4      SIMPSONS L/WR
1992      ALL SAINTS PASSAGE*4      CAMBRIDGE CLOTHING L/WR
1994      ALL SAINTS PASSAGE*4      VAC
1995-2022 ALL SAINTS PASSAGE 4      CAMBRIDGE CHEESE CO GROC
1968-2007 ALL SAINTS PASSAGE 5      R. NEWMAN M/HAIR
2008-2010 ALL SAINTS PASSAGE 5      CLOSED FOR DEVELOPMENT
2011-2019 ALL SAINTS PASSAGE 5      PROHIBIDO LING     
2020      ALL SAINTS PASSAGE 5      ALL I WANT FOR CHRISTMAS IS CHOCOLATE CONF (NO ON LINE RECORD OF THIS)
2021-2022 ALL SAINTS PASSAGE 5      HILL STREET CHOCLATIER CONF
1968-1974 ALL SAINTS PASSAGE 6      WHIRL -A- CLKEAN D/C
1975      ALL SAINTS PASSAGE*6      VAC
1977-1980 ALL SAINTS PASSAGE 6      DOLPHIN ANTIQUES ANT
1981-1983 ALL SAINTS PASSAGE 6      CHEK C/WR
1984      ALL SAINTS PASSAGE*6      VAC
1985      ALL SAINTS PASSAGE*6      LES CHOCOLATS BELGES CONF
1986-1999 ALL SAINTS PASSAGE 6      BELLINA CONF
2000-2007 ALL SAINTS PASSAGE 6      BELLINA CONF (THE CHOCOLATE HOUSE)
2008-2010 ALL SAINTS PASSAGE 6      CLOSED FOR DEVELOPMENT
2011      ALL SAINTS PASSAGE 6      VACANT
2012-2022 ALL SAINTS PASSAGE 6      GRACE'S ACCESSORIES ACCESS
1968-1974 ALL SAINTS PASSAGE 7      LEGAL & GENERAL ASSURANCE SOCIETY INSURE
1975      ALL SAINTS PASSAGE*7      CHOCOLATE BOX CONF
1977-1980 ALL SAINTS PASSAGE 7      OFFICES
1981-1987 ALL SAINTS PASSAGE 7      JAMES CLARKE & CO LTD PUBLISHER
1988      ALL SAINTS PASSAGE*7      VAC
1989      ALL SAINTS PASSAGE 7      VAC UND/ALT
1990-1994 ALL SAINTS PASSAGE 7      HINDMARSH SOFT TOYS
1995      ALL SAINTS PASSAGE 7      VAC
1997-2008 ALL SAINTS PASSAGE 7      EMANUEL JWLR
2009-2010 ALL SAINTS PASSAGE 7      VAC
2011-2020 ALL SAINTS PASSAGE 7      TAILOR AND CUTTER BESPOKE TAILORS TAI
2021-2022 ALL SAINTS PASSAGE 7      JACK'S GELATO ICECREAM
1968-1974 BRIDGE STREET      1      HALFORDS CYC
1975-1980 BRIDGE STREET      1      HALFORDS CYC & CAR ACCESS
1981-2008 BRIDGE STREET      1      HALFORDS AUTO ACCESS
2009-2010 BRIDGE STREET      1      VAC
2011-2022 BRIDGE STREET      1      *COMBINED WITH 1-3=2 JESUS LANE
2011-2022 BRIDGE STREET      1      PATISSERIE VALERIE CAFE
1968-1980 BRIDGE STREET      3      JAEGAR L/WR
1981-1994 BRIDGE STREET      3      JAEGAR L/WR
1995-1997 BRIDGE STREET      3      WORKSHOP DESIGN JWLR/LEATH
1998-2009 BRIDGE STREET      3      FIRED EARTH POTS/TILES
2010      BRIDGE STREET      3      VAC
2011-2022 BRIDGE STREET      3      ARTIQUE ART GALLERY GAL
1968-1970 BRIDGE STREET      4      RECORD FAYRE GRAM REC
1972-1980 BRIDGE STREET      4      HARLEQUIN GRAM REC
1981-1999 BRIDGE STREET      4      OUR PRICE REC
2000-2003 BRIDGE STREET      4      VIRGIN REC
2004-2008 BRIDGE STREET      4      WHITE STUFF L/M/WR
2009-2010 BRIDGE STREET      4      VAC
2011-2022 BRIDGE STREET      4      SEVEN WOLVES (FASHION) M/WR
1968-2022 BRIDGE STREET      4A     ENT
1968-1977 BRIDGE STREET      5      MARLEY FLOOR COVERINGS FLOOR
1979-1981 BRIDGE STREET      5      BRIDGE M/WR
1983      BRIDGE STREET     *5      VAC TO BE LAWNS REST
1984-1985 BRIDGE STREET      5      LAWNS REST
1986-1987 BRIDGE STREET      5      HALLS M/WR
1988-1989 BRIDGE STREET      5      NATURAL LIFE HEALTH FOODS
1990-2005 BRIDGE STREET      5      CAMBRIDGE HEALTH FOODS
2006-2022 BRIDGE STREET      5      REVIVAL@CAMBRIDGE HEALTH FOODS
1968-1975 BRIDGE STREET      6      ENT
1977-1980 BRIDGE STREET      6      ENT TO CAMBRIDGE OUTDOOR CENTRE CLO&CAMP
1968-1975 BRIDGE STREET      7      J.TAYLOR FURN & DEC
1977-1980 BRIDGE STREET      7      J.TAYLOR FURN & DEC + HO/WRS TOYS
1981      BRIDGE STREET     *7A     CAMBRIDGE OUTDOOR CENTRE CLO/CAMP
1983-1992 BRIDGE STREET      7A     YHA CAMPING. CLO/CAMP
1994-2005 BRIDGE STREET      7A     YHA ADVENTURE SHOP. CLO/CAMP
2006-2022 BRIDGE STREET      7A     MOUNTAIN WAREHOUSE CLO/CAMP
1981-1991 BRIDGE STREET      6-7    J.TAYLOR FURN & HO/GDS
1992      BRIDGE STREET     *6-7    VAC
1994-2000 BRIDGE STREET      6-7    WATERSTONE'S BOOKS BKS
2002-2010 BRIDGE STREET      6-7    CULT CLOTHING CLO
2011-2022 BRIDGE STREET      6-7    COTSWOLD OUTDOOR WEAR OUT/WEAR
1968-1970 BRIDGE STREET      8      POMPADOUR L/HAIR
1972      BRIDGE STREET     *8      TOPNOT L/HAIR
1974      BRIDGE STREET     *8      EASTERN PEARL REST
1975      BRIDGE STREET     *8      VAC
1977      BRIDGE STREET     *8      VAC UND/ALT
1979-1981 BRIDGE STREET      8      DORY'S BAGS/TRAV/GDS
1983-1994 BRIDGE STREET      8      DORY'S BAGS/LEATH/GD
1995      BRIDGE STREET      8      TANNERS LEATH/GOODS
1997-2004 BRIDGE STREET      8      GAMES WORKSHOP TOYS
2005-2007 BRIDGE STREET      8      KAZURI GIFTS
2008-2020 BRIDGE STREET      8      BELLINIS CHOCOLATE CONF
2021      BRIDGE STREET      8      CLOSED
2022      BRIDGE STREET      8      CROSSTOWN CAFE
1968-1975 BRIDGE STREET      9      B.S.M.DRIVING SCHOOL DRIVE
1977      BRIDGE STREET     *9      VAC UND/ALT
1979-2022 BRIDGE STREET      9      CATHERINE JONES JWLR
2010      BRIDGE STREET      66     HOAX LM/WR (CLOSED?)
2011-2013 BRIDGE STREET      66     CHATTERDONS L/WR
2014      BRIDGE STREET      66     CLOSED TO BE CREPE AFAIRE CAFE
2015-2022 BRIDGE STREET      66     CREPE AFAIRE CAFE
2010-2019 BRIDGE STREET      67     PETRUS DESIGN CLO
2020      BRIDGE STREET      67     VAC
2021-2022 BRIDGE STREET      67     THE HOCKNEY GALLLERY GAL
2011-2022 BRIDGE STREET      68-69  SCRUFFS HAIR
1968-2022 BRIDGE STREET      70     ENTRANCE
1968-1980 BRIDGE STREET      71     H.COULSON CHEM
1981-1983 BRIDGE STREET      71     COULSON CHEM
1984-1985 BRIDGE STREET      71     VAC
1986      BRIDGE STREET     *71     LA MAMA L/WR
1987-1988 BRIDGE STREET      71     PARADE L/WR
1989-1999 BRIDGE STREET      71     TECHNO CAM
2000-2007 BRIDGE STREET      71     JESSOPS CAM
2008-2010 BRIDGE STREET      71     CLOSED FOR DEVELOPMENT
2011-2022 BRIDGE STREET      71     LILAC ROSE L/WR
1968-1970 BRIDGE STREET      72     STEARN PHOT
1972      BRIDGE STREET     *72     VAC
1974-1975 BRIDGE STREET     *72     STEARN PHOT
1977-1981 BRIDGE STREET      72     ANDRE BERNHARD L/HAIR
1983-1995 BRIDGE STREET      72     ANDRE BERNHARD L&M/HAIR
1997-2007 BRIDGE STREET      72     REGIS L&M/HAIR
2008      BRIDGE STREET      72     CLOSED FOR DEVELOPMENT
2009-2011 BRIDGE STREET      72     WOMBAT CLO
2012      BRIDGE STREET      72     SIDNEY AND QUEENS UNKNOWN (CLOSED) 
2013-2018 BRIDGE STREET      72     19:10 L/WR
2019      BRIDGE STREET      72     VAC
2020-2022 BRIDGE STREET      72     PURE SOURCE ENGLAND BEAUTY (Skin care and health supplement)
1968-1975 BRIDGE STREET     *73     LANGFORDS CONF
1977-1980 BRIDGE STREET      73     CHOCOLATE BOX CONF
1981      BRIDGE STREET      73     VAC
1983      BRIDGE STREET      73     VAC TO BE CAMBRIDGE B S B/SOC
1984-2006 BRIDGE STREET      73     CAMBRIDGE B S B/SOC
2007      BRIDGE STREET      73     VAC
2008      BRIDGE STREET      73     CLOSED FOR DEVELOPMENT
2009-2012 BRIDGE STREET      73     CAMBRIDGE B S B/SOC
2013-2017 BRIDGE STREET      73     PROVIDENCE MISC
2018-2022 BRIDGE STREET      73     SERENA L/WR
1968-1974 JESUS LANE         1      L.WALLIS BET/OFF
1975-1980 JESUS LANE         1-3    SCURFIELD HO/WRS/CLO
1981-1984 JESUS LANE         1-3    SCURFIELD CHINA HO/GDS
1985      JESUS LANE         1-3    VAC
1986-1988 JESUS LANE         1-3    BOOKMART BKS
1989-1994 JESUS LANE         1-3    BOOKSALE BKS
1995      JESUS LANE         1-3    Renumbered as 2
1995      JESUS LANE         2      UND/ALT
1997-2000 JESUS LANE         2      ODDBINS OFF/LIC
2002      JESUS LANE         2      CLOSED
2003-2008 JESUS LANE         2      ROUTE ONE CLO
2009-2010 JESUS LANE         2      VAC
2011      JESUS LANE         2      *COMBINED WITH 1 BRIDGE STREET
1968-1974 JESUS LANE         2      SCURFIELD H/W
1968-1972 JESUS LANE         3      A.PEARCE M/HAIR
1974      JESUS LANE        *3      VAC
1968-1974 JESUS LANE         4      DWG
1975-1980 JESUS LANE         4      ENT
1981      JESUS LANE        *4      APPLIED RESEARCH OF CAMBRIDGE LTD OFFICES
1983-2022 JESUS LANE         4      ENT
1968-2022 JESUS LANE         7A     PIZZA EXPRESS REST
1968-2002 JESUS LANE         5      NOT KNOWN
2003-2008 JESUS LANE         5      NEW HEIGHTS - FURN
2009-2010 JESUS LANE         5      VAC
2011-2022 JESUS LANE         5      PRIMO CYCLES AND GARNCOCKY CYCLES
2005-2009 JESUS LANE         6      DOMENICS M/HR (used to be in entrance to R Sayles)
2010-2022 JESUS LANE         6      CARMELLO L/M/HR
1968-2021 SIDNEY STREET      35     BARCLAYS BANK
2022      SIDNEY STREET      35     CLOSED
1968-2006 SIDNEY STREET      36     GRAYS SPORTS GOODS SPORTS
2007-2017 SIDNEY STREET      36     HOBBS SPORTS SPORTS
2018      SIDNEY STREET      36     ZAKTI ACTIVE WEAR SPORTS/WEAR
2019-2022 SIDNEY STREET      36     NEON SHEEP HOUSEHOLD/GOODS (POPUP SHOP?)
1972      SIDNEY STREET     *37     VAC TO BE ABBEY NATIONAL BUILD SOC B/SOC
1974-1992 SIDNEY STREET      37     ABBEY NATIONAL BUILD SOC B/SOC
1994-2000 SIDNEY STREET      37     CULT CLOTHING CO L/M/WR
2002      SIDNEY STREET      37     CLOSED
2003-2012 SIDNEY STREET      37     FOPP  REC
2013-2022 SIDNEY STREET      37     FOPP REC (HMV PARENT IN ADMINISTRATION)
1972      SIDNEY STREET     *38     VAC TO BE HORNE BROS M/WR
1974-1981 SIDNEY STREET      38     HORNE BROS M/WR
1983-1987 SIDNEY STREET      38     HORNES M/WR
1988-2020 SIDNEY STREET      38     STA TRAVEL TRAV/AG
2021-2022 SIDNEY STREET      38     CLOSED
1968      SIDNEY STREET      38-40  W.EADEN LILLEY FURN
1970      SIDNEY STREET     *38-41  GRAYS SPORTS GOODS SPORTS
1968      SIDNEY STREET      41     GRAYS SPORTS GOODS SPORTS
1972      SIDNEY STREET     *41     VAC TO BE TOOKS BAKER BAKER
1974-1975 SIDNEY STREET      41     TOOKS BAKER BAKER
1977      SIDNEY STREET     *41     VAC (IAN SCOTTS)
1979-1981 SIDNEY STREET      41     BETA TAKE AWAY T/AWAY 
1983-1984 SIDNEY STREET      41     BETA TAKE AWAY T/AWAY
1985-1986 SIDNEY STREET      41     BETA TAKE AWAY T/AWAY
1987      SIDNEY STREET     *41     VAC
1988-1989 SIDNEY STREET      41     CURTAINZ DRAP
1990-1995 SIDNEY STREET      41     YANKS L&M/WR
1997-2016 SIDNEY STREET      41     MAYHEM L&M/WR
2017-2022 SIDNEY STREET      41     DR MARTENS FT/WR
1968      SIDNEY STREET      42     P.H.ALLIN RAD/TV/ELEC
1970      SIDNEY STREET     *42     UDC
1972      SIDNEY STREET     *42     VAC
1974-1977 SIDNEY STREET      42     BENTELLS L/W
1979-1981 SIDNEY STREET      42     STUARTS F/WR
1983-1984 SIDNEY STREET      42     ANTHONY F/WR
1985-1997 SIDNEY STREET      42     XEROX COPY CENTRE PRINT
1998-1999 SIDNEY STREET      42-44  SAINSBURYS SMKT
2000-2022 SIDNEY STREET      42-46  SAINSBURYS SMKT
1968-1970 SIDNEY STREET      43     W.P.SPALDING BKS/STAT
1972      SIDNEY STREET     *43     VAC
1974-1981 SIDNEY STREET      43     JOHN COLLIER TAI
1983-1987 SIDNEY STREET      43     JOHN COLLIER M/WR
1988-1997 SIDNEY STREET      43     SCHOLL F/WR
1968      SIDNEY STREET      44     THE HONEYPOT REST
1970      SIDNEY STREET     *44     UDC
1972      SIDNEY STREET     *44     VACANT TO BE SAINSBURYS SMKT
1974-1997 SIDNEY STREET      44     SAINSBURYS SMKT
1968-1970 SIDNEY STREET      45     ABBEY NAT BLGD SOC B/SOC
1972-1975 SIDNEY STREET      45     TO BE SKETCHLEY D/C
1977      SIDNEY STREET      45     SKETCHLEY D/C
1979      SIDNEY STREET     *45     VAC
1980      SIDNEY STREET     *45     AUTO MAGIC FT/WR REP
1981-1988 SIDNEY STREET      45     AUTO MAGIC HEEL REP FT/WR REP
1989-1998 SIDNEY STREET      45     INTRA TRAVEL - TRAV/AG
1999      SIDNEY STREET      45     TRAVEL CHOICE - TRAV/AG
1968-1975 SIDNEY STREET      46     GIEVES TAI
1977-1983 SIDNEY STREET      46     H-PLAN FURN
1984-1985 SIDNEY STREET      46     VAC
1986-1998 SIDNEY STREET     *46     HALIFAX BLDG SOC B/SOC
1999      SIDNEY STREET      46     GALLOWAY & PORTERS BOOKS BKS
1968      GREEN STREET       2      STRICKLAND SONS & GEORGE TAI
1970-1975 GREEN STREET       2      GIEVES TAI
1977-1983 GREEN STREET       2      H-PLAN FURN
1984-1985 GREEN STREET       2      VAC
1986-1998 GREEN STREET      *2      HALIFAX BLDG SOC  B/SOC
1999      GREEN STREET       2      GALLOWAY & PORTERS BOOKS BKS
2000-2002 GREEN STREET       2      SAINSBURYS SMKT
1968      GREEN STREET       3      G.W.HASLOP EST/AG
1970      GREEN STREET      *3      UDC
1972-1975 GREEN STREET       3      W.P.SPALDING BKS & MAPS
1977-1980 GREEN STREET       3      HEFFERS BKS/MAPS
1981-1984 GREEN STREET       3      HEFFERS MAP SHOP MAPS
1985-1999 GREEN STREET       3      GALLOWAY & PORTERS ANT BKS
2000-2002 GREEN STREET       3      HERO L/WR
2003-2022 GREEN STREET       2-3    SAINSBURYS SMKT
1968      GREEN STREET       4      CARTER M/HAIR
1970      GREEN STREET      *4      G.W.HASLOP EST/AG
1972      GREEN STREET       4      VAC
1974-1975 GREEN STREET       4      SUN ALLIANCE INS OFF INSURE
1977-1980 GREEN STREET       4      HALDYN CLAMP OPT
1981-1984 GREEN STREET       4      HALDYN CLAMP THOMAS OPT
1985-2003 GREEN STREET       4      D.H. THOMAS OPT
2004-2005 GREEN STREET       4      CLOSED ?
2006-2007 GREEN STREET       4A     HERO L/WR
2008-2010 GREEN STREET       3      GHOST L/WR
2011-2022 GREEN STREET       3      CLOSED
2006-2007 GREEN STREET       4B     FIORELLA L/WR
2008-2010 GREEN STREET       4      MODA IN PELLE FT/WR
2006-2008 GREEN STREET       2-6    *THERE ARE TWO SHOPS BETWEEN SAINBURYS AND CATFISH. HERO AND FIORELLA
2009-2022 GREEN STREET       2-6    *THERE ARE NO SHOPS BETWEEN SAINSBURYS AND CATFISH           
2017      GREEN STREET       2-6    *Numbers are up the creek - Modish (3) - Laird (4) - Home Stuff (5)
1968      GREEN STREET       5      VAC
1970      GREEN STREET      *5      CARTER M/HAIR
1972-1977 GREEN STREET       5      G.W.HASLOP EST/AG
1979-1980 GREEN STREET       5      CATLING BRADY BLISS EST/AG
1981-1984 GREEN STREET       5      CATLING'S PROPERTY MANAGEMENT EST/AG
1985-1986 GREEN STREET       5      VAC
1987-1992 GREEN STREET       5      GREEN STREET BOOKSHOP BKS
1994      GREEN STREET      *5      VAC UND/ALT
1995-2002 GREEN STREET       5      DOGFISH CLO FT/WR
2003-2008 GREEN STREET       5      CATFISH CLO FT/WR
2009-2011 GREEN STREET       4-5    CATFISH CLO FT/WR
2012      GREEN STREET       4      TWO TICKS WATCH SERVICES WATCH/SERV 
2013      GREEN STREET       4      CLOSED
2014-2022 GREEN STREET       4      MODISH SHOES FT/WR
2012      GREEN STREET       5      CATFISH CLO FT/WR
2013      GREEN STREET       5      CLOSED
2014-2022 GREEN STREET       5      LAIRD HATTERS
1968      GREEN STREET       6      DWG
1970-1972 GREEN STREET       6      SECRETARIAL EMP/AG
1974      GREEN STREET      *6      DOC OFFS
1975      GREEN STREET      *6      S.P.L. OFFICES
1977      GREEN STREET      *6      NUMERO SIX L/WR
1979-1980 GREEN STREET       6      SARA FERMI L/WR
1981-1983 GREEN STREET       6      THE OLD SOLDIER TOYS
1984      GREEN STREET      *6      GAMES AND PUZZLES TOYS
1985-1987 GREEN STREET       6-7    THE OLD SOLDIER & GAMES AND PUZZLES TOYS
1988-2005 GREEN STREET       6-7    GAMES AND PUZZLES TOYS
2006-2010 GREEN STREET       6-7    HARRIET KELSALL - JEWELLRY DESIGN JWLR
2011      GREEN STREET       6      CLOSED
2012      GREEN STREET       6      MODISH SHOES FT/WR
2013      GREEN STREET       6      *MODISH SHOES NOW AT NUMBER 4
2014-2015 GREEN STREET       6      VAC
2016-2017 GREEN STREET       6      HOME STUFF WITH HISTORY (ANTIQUES/HOUSEHOLD) ANT/HO
2018-2019 GREEN STREET       6      MOSHULU SHOES
2020      GREEN STREET       6      VAC
2021-2022 GREEN STREET       6      MABEL FOX - ACCESSORIES
2012-2022 GREEN STREET       7      HARRIET KELSALL - JEWELLRY DESIGN JWLR
1968-1972 GREEN STREET       7      DWG
1974      GREEN STREET      *7      CAMBRIDGE EMP/AG
1975-1980 GREEN STREET       7      CAMBRIDGE STAFF BUREAU EMP/AG
1981-1984 GREEN STREET       7      THE UNIVERSITY TYPEWRITING OFFICE OFFICE
1968      GREEN STREET       8-9    VOLUNTEER P.H. (LACONS) PH
1972      GREEN STREET      *8-9    VAC
1974-1975 GREEN STREET       8-9    BEACH VILLA SALES EST/AG
1977-1999 GREEN STREET       8-9    JOHN OLIVER L&M/HAIR
2000-2022 GREEN STREET       8-9    DIRECTORS L&M/HAIR
1968-1981 GREEN STREET       10     GRAYS BOOKBINDERS BKBIND
1983-1985 GREEN STREET      *10     VAC
1986-2013 GREEN STREET       10     BRIAN JORDAN MUS BKS
2014      GREEN STREET       10     VAC
2015-2017 GREEN STREET       10     CATESBYS HOME STORE AND CAFE
2018-2022 GREEN STREET       10     CAMBRIDGE GIN LABORATORY ALC
1968-1975 GREEN STREET       11     DWG
1977-1985 GREEN STREET       11     HALIFAX BUILDING SOC B/SOC
1986-1990 GREEN STREET       11     VAC
1991-2000 GREEN STREET       11     OPEN AIR CLO/CAMPG
2002-2021 GREEN STREET       11-12  OPEN AIR CLO/CAMPG
2022      GREEN STREET       11-12  CLOSED
1968-1970 GREEN STREET       12     WHITBREAD M/HAIR
1972      GREEN STREET       12     L.E.WHITBREAD M/HAIR
1974-1975 GREEN STREET       12     VAC
1977-1981 GREEN STREET       12     DEREK GIBBONS ANT BKS
1983-1985 GREEN STREET       12     BRIAN JORDAN MUS BKS
1986      GREEN STREET      *12     SIMPSONS L/WR
1987-1990 GREEN STREET       12     VAC
1991-2000 GREEN STREET       12     HERO L&M/WR
1989      GREEN STREET      *13     VAC UND/ALT
1990      GREEN STREET      *13     EADEN LILLEY PHOTO (NEW SITE)
1991-2009 GREEN STREET       13     EADEN LILLEY PHOTO
2010-2014 GREEN STREET       13     LAFAYETTE PHOTO
2015      GREEN STREET       13     HALL AND GLORY INTERIOR DESIGN BOUTIQUE INT/DES
2016-2018 GREEN STREET       13     PETIT BATEAU CHILD CLOTHING C/WR
2019-2020 GREEN STREET       13     VAC
2021      GREEN STREET       13     TCB ART GALLERY
2022      GREEN STREET       13     EXTRAORDINARY OBJECTS ART GALLERY
1989      GREEN STREET      *14     VAC UND/ALT
1990      GREEN STREET      *14     BLACK SHEEP KNIT/WR (NEW SITE)
1991-1992 GREEN STREET       14     CHAPS M/ACCESS
1994-2005 GREEN STREET       14     CHAPS CLOTHING M/WR
2006-2020 GREEN STREET       14     OPEN AIR FOOTWEAR FT/WR
2021      GREEN STREET       14     TO BE CAMBRIDGE BEE - PLANTS
2022      GREEN STREET       14     CAMBRIDGE BEE - PLANTS AND FLORIST
1989      GREEN STREET      *15     VAC UND/ALT
1990      GREEN STREET      *15     PASTTIMES GAMES (NEW SITE)
1991-1992 GREEN STREET       15     PASTTIMES GAMES
1994-2010 GREEN STREET       15     PASTTIMES GIFTS
2011-2013 GREEN STREET       15     CLOSED
2014-2022 GREEN STREET       15     *MERGED WITH D
1990      GREEN STREET      *16     ENGLISH SEASON M/WR (NEW SITE)
1990      GREEN STREET      *16     VAC UND/ALT
1991      GREEN STREET      *16     VAC
1992      GREEN STREET      *16     THE WILDLIFE SHOP GIFTS
1994      GREEN STREET      *16     VAC
1995      GREEN STREET       16     PROUDFOOOT FT/WR
1997-1999 GREEN STREET       16     STENCIL STORE (DECORATING) DEC
2000-2008 GREEN STREET       16     JAVELIN M/L-CL/ACC
2009-2010 GREEN STREET       16     THE GOOD SHOP CLO (FAIRTRADE)
2011-2012 GREEN STREET       16     CLOSED
2013      GREEN STREET       16     HARRIETS CAFE TEA ROOM CAFE
2014-2022 GREEN STREET       16     *MERGED WITH C
2014-2021 GREEN STREET       15-16  HARRIETS CAFE TEA ROOM CAFE
2022      GREEN STREET       15-16  CLOSED
2000-2022 GREEN STREET       17     *SIDE ENTRANCE FOR 14 TRINITY STREET
1968-1980 TRINITY STREET     24-23  LEWIS TOB & SUB P.O.
1981-1986 TRINITY STREET     24-23  LEWIS STA PO CONF
1987-1988 TRINITY STREET     24-23  TRINITY ST POST OFICE (BHALLA) STA/PO/CONF
1989-2009 TRINITY STREET     24-23  TRINITY ST POST OFICE STA/PO/CONF
2010      TRINITY STREET     24-23  TRINITY ST POST OFICE STA/PO/CONF (CLOSING)
2011-2012 TRINITY STREET     24-23  CLOSED
2013-2022 TRINITY STREET     24-23  BRORA  L/WR
1968      TRINITY STREET     22-20  VAC
1970      TRINITY STREET    *22-20  TRINITY COLLEGE UND/CONSTRUCT
1972-2022 TRINITY STREET     22-20  HEFFERS BOOKS BKS
1968-1970 TRINITY STREET     19     VICTORIA WINE - OFF/LIC
1972-1975 TRINITY STREET     19     WINE MARKET - OFF/LIC (SMALLER)
1977-1989 TRINITY STREET     19     VICTORIA WINE OFF/LIC
1990      TRINITY STREET    *19     VAC
1991-2002 TRINITY STREET     19     HEFFERS RECORDS SOUND
2003-2014 TRINITY STREET     19     HEFFERS SOUND SOUND
2015-2016 TRINITY STREET     19     WHEN I WAS A KID TOYS
2017-2022 TRINITY STREET     19     TOAST L/WR     
1968-1975 TRINITY STREET     18     LLOYDS BANK
1977-2020 TRINITY STREET     18     ANTHONY M/HR
2021      TRINITY STREET     18     VAC
2022      TRINITY STREET     18     CUBBITTS OPTICIAN
1968-1974 TRINITY STREET     17     THE BLUE BOAR HOTEL
1975-1986 TRINITY STREET     17     THE BLUE BOAR HOTEL (T.H.F.)
1987      TRINITY STREET    *17     UNDER DEMOLITION
1988      TRINITY STREET     16-17  FOR TRINITY COLLEGE UND/CONSTRUCT
1989-1998 TRINITY STREET     17     BLUE BOAR P.H.
1999-2006 TRINITY STREET     17     HA! HA! (BAR AND CAFETERIA AT THE BLUE BOAR) REST
2007-2019 TRINITY STREET     17     STRADA (AT THE BLUE BOAR) REST
2020-2022 TRINITY STREET     17     CLOSED
1968-1985 TRINITY STREET     16     HALIFAX BUILDING SOCIETY B/SOC
1986      TRINITY STREET    *16     CHARITY SHOP CHARITY
1987      TRINITY STREET    *16     VAC UND/ALT
1988      TRINITY STREET     16-17  FOR TRINITY COLLEGE UND/CONSTRUCT 
1989      TRINITY STREET    *16     VAC
1990-1994 TRINITY STREET     16     BLARNEY WOOLLEN MILLS KNIT/WR
1995-2017 TRINITY STREET     16     JAEGER L/WR JAEGER MAN M/WR
2018-2022 TRINITY STREET     16     THE IVY CAMBRIDGE REST
1968-1972 TRINITY STREET     15     J.TAYLOR L/WR
1974      TRINITY STREET    *15     THE BIRDCAGE L/WR
1975-2000 TRINITY STREET     15     BELINDAS REST
2002-2004 TRINITY STREET     15     CAFE TRINITY CAFE
2005-2013 TRINITY STREET     15     TATTIES CAFE/REST
2014-2016 TRINITY STREET     15     COAST REST
2017      TRINITY STREET     15     CLOSED (to be TRINTY REST part of VARSITY GROUP)
2018-2022 TRINITY STREET     15     TRINTY REST (VARSITY GROUP)
1968-1974 TRINITY STREET     14     TURK'S HEAD REST
1975-1977 TRINITY STREET     14     TURK'S HEAD GRILL REST (BERNI INNS)
1979-1980 TRINITY STREET     14     LAURA ASHLEY L/WR & FABRICS (TURK'S HEAD PH&REST
1981-2008 TRINITY STREET     14     LAURA ASHLEY L/WR
2009-2022 TRINITY STREET     14     JIGSAW L&M/WR
1968      TRINITY STREET     13     DEIGHTON BELL & CO BKS
1970-1980 TRINITY STREET     13     HEFFERS BOOKS BKS
1981-1987 TRINITY STREET    *13     HEFFERS PAPERBACK SHOP BKS
1984-1998 TRINITY STREET     13     DEIGHTON & BELL CO ANT BKS
1999      TRINITY STREET     13     CLOSED UNDER ALTERATION
2000-2009 TRINITY STREET     13     VIYELLA L/WR
2010      TRINITY STREET     13     VIYELLA L/WR (CLOSED)
2011-2015 TRINITY STREET     13     JOULES L/WR
2016-2022 TRINITY STREET     13     SPACE.NK APOTHECARY CHEM
